agent_id,agent_name
1,World Explorer Tours
2,Adventure Seekers Excursions
3,Global Discovery Adventures
4,Nature's Wonders Expeditions
5,Dream Escapes Tours
6,Ultimate Odyssey Travel
7,Exotic Destinations Voyages
8,Journey Beyond Limits
9,Frontier Explorers Agency
10,Wanderlust Wanderers
11,Enchanted Trails Expeditions
12,Epic Journeys Tours
13,Roaming Nomads Travel
14,Terra Trekkers
15,Eco-Adventures Unlimited
16,Ocean Quest Explorations
17,Cultural Connections Tours
19,Marvelous Expeditions
20,Discovery Dynamics Travels
21,Heritage Trails Ventures
22,Summit Expeditions
23,Trailblazers Travel Group
24,Natural Wonders Adventures
25,Earthbound Explorations
26,Quest for the Unknown Tours
27,Global Horizons Journeys
28,Adrenaline Rush Expeditions
29,Wilderness Ventures Agency
30,Sacred Path Travels
31,Timeless Travels
32,Outdoor Odyssey Tours
33,Explore Nature's Bounty
34,Nomadic Adventures Unlimited
35,Paradise Found Expeditions
36,Wayfarers' Wonderland
37,Frontier Trailblazers Agency
38,Exotic Essence Travel
39,Serenity Seekers Tours
40,Infinite Explorations
41,Worldly Journeys
42,Nature's Edge Ventures
44,Skyward Expeditions
45,Earthly Treasures Tours
47,Cultural Kaleidoscope
50,Inspire Adventures
52,Mystical Trails Expeditions
53,Journey of Legends
54,Uncharted Destinations Tours
55,Eco-Warrior Expeditions
56,Coastal Connections Agency
57,Epic Escapades Travel
58,Outdoor Odyssey Ventures
59,Natural Wonders Discoveries
60,Peak Performers Tours
61,Discovery Diversions
63,Heritage Highways Expeditions
64,Summit Seekers Agency
66,The Nature Explorers
67,Enchanted Expeditions
68,Earthbound Odyssey Travel
69,Quest for Treasures Tours
70,Adrenaline Adventures
71,Trailblazers Unlimited
72,Wilderness Wonders Expeditions
73,Sacred Path Ventures
74,Timeless Trails Tours
75,Wanderlust Odyssey
77,Outdoor Nomads Adventures
78,Explore the Unknown
79,Frontier Discoveries Agency
81,Natural Essence Expeditions
82,Paradigm Shift Travels
83,Wayfarers' World Tours
85,Epic Trails Unlimited
86,Summit Heights Adventures
87,Earthly Odyssey Expeditions
88,Nature's Rhythms Tours
89,Cultural Compass Agency
90,Mystical Wonders Travel
91,Legacy Expeditions
92,Uncharted Realms Journeys
93,Coastal Connections Tours
94,Adventure Odyssey Ventures
95,Inspirational Travels
96,Exploration Experts
98,Terra Trekker Expeditions
99,Eco-Adventures Unleashed
103,Ocean Odyssey Tours
104,Nature's Canvas Expeditions
105,World Wanderers
106,Nomadic Expeditions
107,Discovery Dynamics Tours
110,Heritage Trails Adventures
111,Summit Pioneers
112,Trailblazers of Nature Agency
114,Enchanted Earth Travel
115,Wilderness Explorer Tours
117,Quest for Serenity Expeditions
118,Eco-Warrior Journeys
119,Earthbound Voyages
121,Cultural Connections Expeditions
122,Marvelous Escapes Travel
126,Explore the Wilderness
127,Frontier Trails Ventures
128,Nature's Symphony Tours
129,Skyward Adventures
132,Earthly Treasures Expeditions
133,Quest for Cultures
134,Inspire Nature Adventures
138,Mystical Pathways Tours
139,Journey of Discovery
141,Uncharted Adventures Agency
142,Coastal Wonders Travel
143,Epic Nature Quests
144,Sacred Journeys Agency
146,Timeless Adventures
147,Natural Highways Tours
148,Wanderlust Wonders
149,Outdoor Nomads Expeditions
150,Explore the Essence of Earth
151,Frontier Explorations
152,Uncharted Destinations Journeys
153,Heritage Horizons Tours
154,Summit Aspirations Ventures
155,Trailblazers' Treasures
156,Nature's Rhythms Expeditions
157,Terra Trekker Travels
158,Eco-Adventures Beyond Borders
159,Ocean Odyssey Voyages
162,Culture Quest Expeditions
163,Earthbound Enchantment Tours
165,Quest for Discovery
167,Inspirational Pathways Expeditions
168,Outdoor Exploration Agency
170,Mystical Escapes Travel
171,Adventure Highways Expeditions
173,Heritage Horizons Ventures
174,Summit Seekers Unlimited
175,Trailblazers of the Earth Agency
177,Earthly Odyssey Journeys
179,Nature's Odyssey Tours
180,Wanderlust Wonders Expeditions
181,Outdoor Nomads Discoveries
182,Frontier Escapes Travels
183,Uncharted Nature Voyages
184,Quest for Adventure Tours
185,Elemental Expeditions
187,Earth Explorers Agency
191,Wonder Trail Travels
192,Beyond Borders Journeys
193,Serene Escapes Expeditions
195,Nature's Playground Tours
196,Ultimate Horizons Ventures
197,Trailblazers of Discovery
201,Global Rhythms Expeditions
205,Enchanted Horizons Tours
208,Roam Free Adventures
210,Heritage Highways Travel
211,Odyssey Aspirations Agency
213,Adventure Ambitions
214,Wilderness Wonders Journeys
215,Nature's Harmony Tours
216,Discovery Dynamics Expeditions
219,Timeless Treks
220,Wanderlust Voyages
223,Coastal Quests Travels
227,Mystical Pathways Expeditions
229,Nature's Legacy Tours
232,Earthly Dreams Agency
234,Quest for Serenity Journeys
235,Eco-Warrior Explorations
236,Inspire Odyssey Travels
240,Summit Seekers Treks
241,Cultural Compass Tours
242,Natural Essence Voyages
243,Epic Trails Expeditions
244,Uncharted Horizons Travel
245,Odyssey Unleashed
247,Earthbound Experiences
248,Global Wonder Tours
249,Adrenaline Adventures Agency
250,Enchanted Earth Expeditions
251,Wilderness Explorer Journeys
252,Legacy Treks
253,Frontier Discoveries Travel
254,Trailblazers of Nature Tours
256,Inspirational Expeditions
257,Explore Beyond Limits
258,Heritage Highways Voyages
261,Journey of Dreams
262,Ocean Odyssey Escapes
265,Nature's Canvas Journeys
267,Worldly Wonders Expeditions
269,Nomadic Treks
270,Discovery Dynamics Travel
273,Summit Pioneers Expeditions
275,Adventure Horizons
276,Cultural Connections Journeys
278,Earthly Essence Expeditions
280,Uncharted Destinations Travel
281,Coastal Serenity Voyages
282,Wilderness Wonders Travels
283,Sacred Journeys Expeditions
285,Timeless Adventures Agency
286,Wanderlust Dreams
287,Enchanted Expeditions Unlimited
288,Earthly Essence Voyages
289,Quest for Wanderlust Tours
290,Wilderness Wonders Unleashed
294,Mystical Pathways Travels
295,Trailblazers of Discovery Expeditions
296,Nature's Canvas Tours
298,Roam Free Horizons
299,Journey of Serenity
300,Timeless Adventures Explorations
301,Wanderlust Wonderlands
303,Nature's Symphony Journeys
304,Legacy Treks Unlimited
305,Frontier Escapes Ventures
306,Adventure Quest Expeditions
307,Summit Pioneers Odyssey
308,Orn-Cruickshank
310,Homenick-Walker
313,Walter LLC
314,Farrell-Waelchi
315,Bartoletti-Kilback
323,Price-Bergstrom
324,Mante Group
325,Luettgen and Sons
326,"Smith, Kihn and Bayer"
327,Hagenes Group
328,Steuber-Schultz
330,Bode-Keebler
331,Schaden and Sons
332,Tillman and Sons
333,Koepp-Schowalter
334,Torphy and Sons
335,Harber and Sons
336,"Bins, Feeney and Nikolaus"
337,Torphy-Kuhn
339,O'Keefe-Adams
341,Casper-Yundt
344,Wisoky-Jaskolski
346,Buckridge Inc
348,Kerluke-Sipes
350,Rice Inc
354,"Kunde, Dicki and Lang"
355,Bechtelar LLC
359,Torphy and Sons
360,Heathcote Group
363,Keeling-Hammes
364,Durgan-Berge
368,"Daniel, Hickle and Smith"
370,"Heller, Collins and Mertz"
371,Schneider LLC
375,"Hand, Toy and Gottlieb"
378,"Paucek, Streich and Wisoky"
384,Champlin and Sons
385,Kohler-Heaney
387,Kuvalis Inc
388,Brown-Bosco
390,Hessel LLC
391,Vandervort Group
393,"Rohan, Jones and Boyer"
394,"Deckow, Rosenbaum and Kris"
397,Pfeffer LLC
403,Daniel-Morissette
404,"Boyle, Jacobi and Wyman"
405,Gislason Inc
406,"Mayer, Bednar and Smith"
408,Crona-Rolfson
410,Cremin Inc
411,Wehner LLC
414,"Rogahn, Kunde and Collier"
416,Bruen and Sons
418,Gibson-Moore
420,McCullough Inc
423,Lubowitz-Toy
425,Davis-Sipes
426,Langosh LLC
427,"Schmeler, DuBuque and Frami"
429,"Bode, Osinski and Bosco"
430,Trantow LLC
431,"Hilll, Durgan and Considine"
432,"Beahan, Doyle and Bruen"
433,Hodkiewicz LLC
434,Skiles-Kuhic
436,Dicki Inc
438,Baumbach Inc
440,"Ferry, Gerhold and Hackett"
441,Schoen-Rau
444,"Sauer, Torphy and Kuhn"
446,Hackett LLC
449,Armstrong and Sons
450,Kuphal-Block
451,Jacobi-Haley
453,Spinka-Braun
454,Stoltenberg-Hilpert
455,Osinski-Zulauf
459,"Schoen, Rogahn and McGlynn"
461,Frami-Williamson
464,Kemmer Group
467,"Lind, Ankunding and Hane"
468,Schuppe Group
469,Mueller-Leannon
472,Shields-Hane
474,"Keebler, Gulgowski and Upton"
475,"Dickens, Langosh and Abshire"
476,Grant Group
479,"Weissnat, Rohan and Gutkowski"
480,Johnston-Halvorson
481,"Hodkiewicz, Kris and Nader"
483,Quigley-Stehr
484,"Gerhold, Fritsch and Turcotte"
492,Powlowski Group
493,"Senger, Kiehn and Huels"
495,Herman-Kilback
497,"Sauer, Champlin and Hagenes"
502,"Kertzmann, Bednar and Weissnat"
508,"Marquardt, Stokes and Conroy"
509,McLaughlin-Davis
510,Flatley-Anderson
526,"Cassin, Koss and Monahan"
527,"Langosh, Hills and Bode"
531,"Braun, Hintz and McClure"
535,Zieme-Huel
,